{"cameraMode":{"drawMode":0,"name":"Shaded","section":"Shading Mode"},"sceneLighting":false,"audioPlay":false,"sceneViewState":{"showFog":true,"showMaterialUpdate":false,"showSkybox":false,"showFlares":true,"showImageEffects":true,"showParticleSystems":true},"in2DMode":false,"pivot":{"x":12.09999942779541,"y":-12.90000057220459,"z":10.0},"rotation":{"x":0.20238736271858216,"y":0.06897202134132385,"z":-0.014291137456893921,"w":0.9767693877220154},"size":50.594276428222659,"orthographic":false}